{"uEKnRt3YBeSdl6PD80fjAw==":"king_slime.webp","/y3mYlPWPk0D12AQlB/eAA==":"edanir-logo_1.gif","s9HXlTeaKv4J9Zml173mAw==":"edanir_values-398x203.png","tqruDD9IjiPZNJNibEM+cA==":"edanir_values-183x198.png","PLoJ5r5U+ForurP4DOPEmA==":"edanir_values-246x195.png","TE2diqtB5O8RX+TaTqq71Q==":"edanir_values-245x188.png","nYVtAAA5f9SBY0kHotQRRg==":"edanir_projects-6-289x280.png","iAsYQ/B4bhy+28oME0xGTQ==":"edanir_projects-5-340x504.png","u2u3q4leKX8o2osTxf+NGg==":"edanir_projects-4-415x611.png","MLWhdz2yRSw9kVL3T/QEpA==":"edanir_projects-3-464x741.png","Iy1TfLDv8gR53uB3xGasTg==":"edanir_projects-2-316x287.png","C+NAor+gcrGcE0pE1jBWSg==":"edanir_projects-2-317x263.png","k0klF/2LLcTEmimkHMEreQ==":"edanir_projects-2-365x296.png","aY16yrvxYIHraNfHMrahog==":"edanir_projects-1-234x414.png"}